{
  "schema": "v1",
  "enabled": true,
  "name": "Harbinger Blight",
  "anchor": {
    "Screen": "BottomCenter"
  },
  "pos": [
    0.0,
    0.0
  ],
  "opacity": 1.0,
  "trigger": {
    "source": "Inherit",
    "threshold": {
      "threshold_type": "Always",
      "amount_type": "Intensity"
    }
  },
  "filter": {
    "player": {
      "combat": null,
      "specs": [],
      "weapons": [],
      "traits": [],
      "mounts": []
    },
    "map": {
      "category": [
        "PvE",
        "Instance",
        "Other"
      ],
      "whitelist": true,
      "ids": []
    }
  },
  "animation": null,
  "layer": 0,
  "elements": [
    {
      "enabled": true,
      "name": "Blight",
      "anchor": "Parent",
      "pos": [
        -324.0,
        -122.0
      ],
      "opacity": 1.0,
      "trigger": {
        "source": {
          "Buff": [
            62653
          ]
        },
        "threshold": {
          "threshold_type": "Always",
          "amount_type": "Intensity"
        }
      },
      "filter": {
        "player": {
          "combat": null,
          "specs": [
            "Harbinger"
          ],
          "weapons": [],
          "traits": [],
          "mounts": []
        },
        "map": {
          "category": [],
          "whitelist": true,
          "ids": []
        }
      },
      "animation": null,
      "type": "Bar",
      "progress_kind": "Intensity",
      "max": 25.0,
      "lower_bound": 0.0,
      "upper_bound": 1.0,
      "fill": [
        0.28712955,
        0.74396133,
        0.097038455,
        0.8164251
      ],
      "background": [
        0.000001,
        9.9999e-7,
        9.9999e-7,
        0.8164251
      ],
      "border_size": 2.0,
      "border_color": [
        0.0,
        0.0,
        0.0,
        0.40579712
      ],
      "tick_size": 2.0,
      "tick_color": [
        0.000001,
        9.9999e-7,
        9.9999e-7,
        0.30917877
      ],
      "conditions": [],
      "size": [
        215.0,
        8.0
      ],
      "align": "Right",
      "direction": "Right",
      "tick_unit": "Absolute",
      "ticks": [
        5.0,
        10.0,
        15.0,
        20.0
      ]
    }
  ]
}