{
  "schema": "v1",
  "enabled": true,
  "name": "Soul Shards",
  "anchor": {
    "Screen": "BottomCenter"
  },
  "pos": [
    0.0,
    0.0
  ],
  "opacity": 1.0,
  "trigger": {
    "source": "Inherit",
    "threshold": {
      "threshold_type": "Always",
      "amount_type": "Intensity"
    }
  },
  "filter": {
    "player": {
      "combat": null,
      "specs": [],
      "weapons": [],
      "traits": [],
      "mounts": []
    },
    "map": {
      "category": [],
      "whitelist": true,
      "ids": []
    }
  },
  "animation": null,
  "layer": 0,
  "elements": [
    {
      "enabled": true,
      "name": "Spear",
      "anchor": "Parent",
      "pos": [
        -210.0,
        -148.0
      ],
      "opacity": 1.0,
      "trigger": {
        "source": {
          "Ability": [
            73012
          ]
        },
        "threshold": {
          "threshold_type": "Always",
          "amount_type": "Percent"
        }
      },
      "filter": {
        "player": {
          "combat": null,
          "specs": [
            "Necromancer",
            "Reaper",
            "Harbinger"
          ],
          "weapons": [
            "Spear"
          ],
          "traits": [],
          "mounts": []
        },
        "map": {
          "category": [],
          "whitelist": true,
          "ids": []
        }
      },
      "animation": null,
      "type": "Group",
      "members": [
        {
          "enabled": true,
          "name": "ShardsEmpty",
          "anchor": "Parent",
          "pos": [
            0.0,
            -12.0
          ],
          "opacity": 1.0,
          "trigger": {
            "source": {
              "Ability": [
                73012,
                73040,
                73047
              ]
            },
            "threshold": {
              "threshold_type": "Always",
              "amount_type": "Intensity"
            }
          },
          "filter": {
            "player": {
              "combat": null,
              "specs": [],
              "weapons": [],
              "traits": [],
              "mounts": []
            },
            "map": {
              "category": [],
              "whitelist": true,
              "ids": []
            }
          },
          "animation": null,
          "type": "Icon",
          "icon": {
            "File": "SoulShards\\SoulShards0.png"
          },
          "tint": [
            1.0,
            1.0,
            1.0,
            1.0
          ],
          "zoom": 1.0,
          "round": 0.0,
          "border_size": 0.0,
          "border_color": [
            0.0,
            0.0,
            0.0,
            1.0
          ],
          "conditions": [],
          "duration_bar": false,
          "duration_text": false,
          "stacks_text": false,
          "size": [
            100.0,
            100.0
          ]
        },
        {
          "enabled": true,
          "name": "ShardsCombined",
          "anchor": "Parent",
          "pos": [
            0.0,
            -12.0
          ],
          "opacity": 1.0,
          "trigger": {
            "source": "Inherit",
            "threshold": {
              "threshold_type": "Always",
              "amount_type": "Intensity"
            }
          },
          "filter": {
            "player": {
              "combat": null,
              "specs": [],
              "weapons": [],
              "traits": [],
              "mounts": []
            },
            "map": {
              "category": [],
              "whitelist": true,
              "ids": []
            }
          },
          "animation": null,
          "type": "IconList",
          "layout": "Dynamic",
          "direction": "Right",
          "size": [
            100.0,
            100.0
          ],
          "pad": 2.0,
          "icons": [
            {
              "enabled": true,
              "name": "1",
              "trigger": {
                "source": {
                  "Buff": [
                    72975
                  ]
                },
                "threshold": {
                  "threshold_type": {
                    "Exact": 1.0
                  },
                  "amount_type": "Intensity"
                }
              },
              "filter": {
                "player": {
                  "combat": null,
                  "specs": [],
                  "weapons": [],
                  "traits": [],
                  "mounts": []
                },
                "map": {
                  "category": [],
                  "whitelist": true,
                  "ids": []
                }
              },
              "icon": {
                "File": "SoulShards\\SoulShards1.png"
              },
              "tint": [
                1.0,
                1.0,
                1.0,
                1.0
              ],
              "zoom": 1.0,
              "round": 0.0,
              "border_size": 0.0,
              "border_color": [
                0.0,
                0.0,
                0.0,
                1.0
              ],
              "conditions": [],
              "duration_bar": false,
              "duration_text": false,
              "stacks_text": false
            },
            {
              "enabled": true,
              "name": "2",
              "trigger": {
                "source": {
                  "Buff": [
                    72975
                  ]
                },
                "threshold": {
                  "threshold_type": {
                    "Exact": 2.0
                  },
                  "amount_type": "Intensity"
                }
              },
              "filter": {
                "player": {
                  "combat": null,
                  "specs": [],
                  "weapons": [],
                  "traits": [],
                  "mounts": []
                },
                "map": {
                  "category": [],
                  "whitelist": true,
                  "ids": []
                }
              },
              "icon": {
                "File": "SoulShards\\SoulShards2.png"
              },
              "tint": [
                1.0,
                1.0,
                1.0,
                1.0
              ],
              "zoom": 1.0,
              "round": 0.0,
              "border_size": 0.0,
              "border_color": [
                0.0,
                0.0,
                0.0,
                1.0
              ],
              "conditions": [],
              "duration_bar": false,
              "duration_text": false,
              "stacks_text": false
            },
            {
              "enabled": true,
              "name": "3",
              "trigger": {
                "source": {
                  "Buff": [
                    72975
                  ]
                },
                "threshold": {
                  "threshold_type": {
                    "Exact": 3.0
                  },
                  "amount_type": "Intensity"
                }
              },
              "filter": {
                "player": {
                  "combat": null,
                  "specs": [],
                  "weapons": [],
                  "traits": [],
                  "mounts": []
                },
                "map": {
                  "category": [],
                  "whitelist": true,
                  "ids": []
                }
              },
              "icon": {
                "File": "SoulShards\\SoulShards3.png"
              },
              "tint": [
                1.0,
                1.0,
                1.0,
                1.0
              ],
              "zoom": 1.0,
              "round": 0.0,
              "border_size": 0.0,
              "border_color": [
                0.0,
                0.0,
                0.0,
                1.0
              ],
              "conditions": [],
              "duration_bar": false,
              "duration_text": false,
              "stacks_text": false
            },
            {
              "enabled": true,
              "name": "4",
              "trigger": {
                "source": {
                  "Buff": [
                    72975
                  ]
                },
                "threshold": {
                  "threshold_type": {
                    "Exact": 4.0
                  },
                  "amount_type": "Intensity"
                }
              },
              "filter": {
                "player": {
                  "combat": null,
                  "specs": [],
                  "weapons": [],
                  "traits": [],
                  "mounts": []
                },
                "map": {
                  "category": [],
                  "whitelist": true,
                  "ids": []
                }
              },
              "icon": {
                "File": "SoulShards\\SoulShards4.png"
              },
              "tint": [
                1.0,
                1.0,
                1.0,
                1.0
              ],
              "zoom": 1.0,
              "round": 0.0,
              "border_size": 0.0,
              "border_color": [
                0.0,
                0.0,
                0.0,
                1.0
              ],
              "conditions": [],
              "duration_bar": false,
              "duration_text": false,
              "stacks_text": false
            },
            {
              "enabled": true,
              "name": "5",
              "trigger": {
                "source": {
                  "Buff": [
                    72975
                  ]
                },
                "threshold": {
                  "threshold_type": {
                    "Exact": 5.0
                  },
                  "amount_type": "Intensity"
                }
              },
              "filter": {
                "player": {
                  "combat": null,
                  "specs": [],
                  "weapons": [],
                  "traits": [],
                  "mounts": []
                },
                "map": {
                  "category": [],
                  "whitelist": true,
                  "ids": []
                }
              },
              "icon": {
                "File": "SoulShards\\SoulShards5.png"
              },
              "tint": [
                1.0,
                1.0,
                1.0,
                1.0
              ],
              "zoom": 1.0,
              "round": 0.0,
              "border_size": 0.0,
              "border_color": [
                0.0,
                0.0,
                0.0,
                1.0
              ],
              "conditions": [],
              "duration_bar": false,
              "duration_text": false,
              "stacks_text": false
            },
            {
              "enabled": true,
              "name": "6",
              "trigger": {
                "source": {
                  "Buff": [
                    72975
                  ]
                },
                "threshold": {
                  "threshold_type": {
                    "Exact": 6.0
                  },
                  "amount_type": "Intensity"
                }
              },
              "filter": {
                "player": {
                  "combat": null,
                  "specs": [],
                  "weapons": [],
                  "traits": [],
                  "mounts": []
                },
                "map": {
                  "category": [],
                  "whitelist": true,
                  "ids": []
                }
              },
              "icon": {
                "File": "SoulShards\\SoulShards6.png"
              },
              "tint": [
                1.0,
                1.0,
                1.0,
                1.0
              ],
              "zoom": 1.0,
              "round": 0.0,
              "border_size": 0.0,
              "border_color": [
                0.0,
                0.0,
                0.0,
                1.0
              ],
              "conditions": [],
              "duration_bar": false,
              "duration_text": false,
              "stacks_text": false
            }
          ]
        }
      ]
    },
    {
      "enabled": true,
      "name": "Spear Center",
      "anchor": "Parent",
      "pos": [
        0.0,
        -148.0
      ],
      "opacity": 1.0,
      "trigger": {
        "source": {
          "Ability": [
            73012
          ]
        },
        "threshold": {
          "threshold_type": "Always",
          "amount_type": "Percent"
        }
      },
      "filter": {
        "player": {
          "combat": null,
          "specs": [
            "Scourge",
            "Ritualist"
          ],
          "weapons": [
            "Spear"
          ],
          "traits": [],
          "mounts": []
        },
        "map": {
          "category": [],
          "whitelist": true,
          "ids": []
        }
      },
      "animation": null,
      "type": "Group",
      "members": [
        {
          "enabled": true,
          "name": "ShardsEmpty",
          "anchor": "Parent",
          "pos": [
            0.0,
            -12.0
          ],
          "opacity": 1.0,
          "trigger": {
            "source": {
              "Ability": [
                73012,
                73040,
                73047
              ]
            },
            "threshold": {
              "threshold_type": "Always",
              "amount_type": "Intensity"
            }
          },
          "filter": {
            "player": {
              "combat": null,
              "specs": [],
              "weapons": [],
              "traits": [],
              "mounts": []
            },
            "map": {
              "category": [],
              "whitelist": true,
              "ids": []
            }
          },
          "animation": null,
          "type": "Icon",
          "icon": {
            "File": "SoulShards\\SoulShards0.png"
          },
          "tint": [
            1.0,
            1.0,
            1.0,
            1.0
          ],
          "zoom": 1.0,
          "round": 0.0,
          "border_size": 0.0,
          "border_color": [
            0.0,
            0.0,
            0.0,
            1.0
          ],
          "conditions": [],
          "duration_bar": false,
          "duration_text": false,
          "stacks_text": false,
          "size": [
            100.0,
            100.0
          ]
        },
        {
          "enabled": true,
          "name": "ShardsCombined",
          "anchor": "Parent",
          "pos": [
            0.0,
            -12.0
          ],
          "opacity": 1.0,
          "trigger": {
            "source": "Inherit",
            "threshold": {
              "threshold_type": "Always",
              "amount_type": "Intensity"
            }
          },
          "filter": {
            "player": {
              "combat": null,
              "specs": [],
              "weapons": [],
              "traits": [],
              "mounts": []
            },
            "map": {
              "category": [],
              "whitelist": true,
              "ids": []
            }
          },
          "animation": null,
          "type": "IconList",
          "layout": "Dynamic",
          "direction": "Right",
          "size": [
            100.0,
            100.0
          ],
          "pad": 2.0,
          "icons": [
            {
              "enabled": true,
              "name": "1",
              "trigger": {
                "source": {
                  "Buff": [
                    72975
                  ]
                },
                "threshold": {
                  "threshold_type": {
                    "Exact": 1.0
                  },
                  "amount_type": "Intensity"
                }
              },
              "filter": {
                "player": {
                  "combat": null,
                  "specs": [],
                  "weapons": [],
                  "traits": [],
                  "mounts": []
                },
                "map": {
                  "category": [],
                  "whitelist": true,
                  "ids": []
                }
              },
              "icon": {
                "File": "SoulShards\\SoulShards1.png"
              },
              "tint": [
                1.0,
                1.0,
                1.0,
                1.0
              ],
              "zoom": 1.0,
              "round": 0.0,
              "border_size": 0.0,
              "border_color": [
                0.0,
                0.0,
                0.0,
                1.0
              ],
              "conditions": [],
              "duration_bar": false,
              "duration_text": false,
              "stacks_text": false
            },
            {
              "enabled": true,
              "name": "2",
              "trigger": {
                "source": {
                  "Buff": [
                    72975
                  ]
                },
                "threshold": {
                  "threshold_type": {
                    "Exact": 2.0
                  },
                  "amount_type": "Intensity"
                }
              },
              "filter": {
                "player": {
                  "combat": null,
                  "specs": [],
                  "weapons": [],
                  "traits": [],
                  "mounts": []
                },
                "map": {
                  "category": [],
                  "whitelist": true,
                  "ids": []
                }
              },
              "icon": {
                "File": "SoulShards\\SoulShards2.png"
              },
              "tint": [
                1.0,
                1.0,
                1.0,
                1.0
              ],
              "zoom": 1.0,
              "round": 0.0,
              "border_size": 0.0,
              "border_color": [
                0.0,
                0.0,
                0.0,
                1.0
              ],
              "conditions": [],
              "duration_bar": false,
              "duration_text": false,
              "stacks_text": false
            },
            {
              "enabled": true,
              "name": "3",
              "trigger": {
                "source": {
                  "Buff": [
                    72975
                  ]
                },
                "threshold": {
                  "threshold_type": {
                    "Exact": 3.0
                  },
                  "amount_type": "Intensity"
                }
              },
              "filter": {
                "player": {
                  "combat": null,
                  "specs": [],
                  "weapons": [],
                  "traits": [],
                  "mounts": []
                },
                "map": {
                  "category": [],
                  "whitelist": true,
                  "ids": []
                }
              },
              "icon": {
                "File": "SoulShards\\SoulShards3.png"
              },
              "tint": [
                1.0,
                1.0,
                1.0,
                1.0
              ],
              "zoom": 1.0,
              "round": 0.0,
              "border_size": 0.0,
              "border_color": [
                0.0,
                0.0,
                0.0,
                1.0
              ],
              "conditions": [],
              "duration_bar": false,
              "duration_text": false,
              "stacks_text": false
            },
            {
              "enabled": true,
              "name": "4",
              "trigger": {
                "source": {
                  "Buff": [
                    72975
                  ]
                },
                "threshold": {
                  "threshold_type": {
                    "Exact": 4.0
                  },
                  "amount_type": "Intensity"
                }
              },
              "filter": {
                "player": {
                  "combat": null,
                  "specs": [],
                  "weapons": [],
                  "traits": [],
                  "mounts": []
                },
                "map": {
                  "category": [],
                  "whitelist": true,
                  "ids": []
                }
              },
              "icon": {
                "File": "SoulShards\\SoulShards4.png"
              },
              "tint": [
                1.0,
                1.0,
                1.0,
                1.0
              ],
              "zoom": 1.0,
              "round": 0.0,
              "border_size": 0.0,
              "border_color": [
                0.0,
                0.0,
                0.0,
                1.0
              ],
              "conditions": [],
              "duration_bar": false,
              "duration_text": false,
              "stacks_text": false
            },
            {
              "enabled": true,
              "name": "5",
              "trigger": {
                "source": {
                  "Buff": [
                    72975
                  ]
                },
                "threshold": {
                  "threshold_type": {
                    "Exact": 5.0
                  },
                  "amount_type": "Intensity"
                }
              },
              "filter": {
                "player": {
                  "combat": null,
                  "specs": [],
                  "weapons": [],
                  "traits": [],
                  "mounts": []
                },
                "map": {
                  "category": [],
                  "whitelist": true,
                  "ids": []
                }
              },
              "icon": {
                "File": "SoulShards\\SoulShards5.png"
              },
              "tint": [
                1.0,
                1.0,
                1.0,
                1.0
              ],
              "zoom": 1.0,
              "round": 0.0,
              "border_size": 0.0,
              "border_color": [
                0.0,
                0.0,
                0.0,
                1.0
              ],
              "conditions": [],
              "duration_bar": false,
              "duration_text": false,
              "stacks_text": false
            },
            {
              "enabled": true,
              "name": "6",
              "trigger": {
                "source": {
                  "Buff": [
                    72975
                  ]
                },
                "threshold": {
                  "threshold_type": {
                    "Exact": 6.0
                  },
                  "amount_type": "Intensity"
                }
              },
              "filter": {
                "player": {
                  "combat": null,
                  "specs": [],
                  "weapons": [],
                  "traits": [],
                  "mounts": []
                },
                "map": {
                  "category": [],
                  "whitelist": true,
                  "ids": []
                }
              },
              "icon": {
                "File": "SoulShards\\SoulShards6.png"
              },
              "tint": [
                1.0,
                1.0,
                1.0,
                1.0
              ],
              "zoom": 1.0,
              "round": 0.0,
              "border_size": 0.0,
              "border_color": [
                0.0,
                0.0,
                0.0,
                1.0
              ],
              "conditions": [],
              "duration_bar": false,
              "duration_text": false,
              "stacks_text": false
            }
          ]
        }
      ]
    }
  ]
}